epoch,time,train/box_loss,train/cls_loss,train/dfl_loss,metrics/precision(B),metrics/recall(B),metrics/mAP50(B),metrics/mAP50-95(B),val/box_loss,val/cls_loss,val/dfl_loss,lr/pg0,lr/pg1,lr/pg2
1,21.7907,3.23031,4.21384,2.16563,0.00029,0.01869,0.00015,4e-05,2.95856,4.25558,2.15879,2e-05,2e-05,2e-05
2,41.1128,2.78603,3.99356,2.01441,0.00043,0.02804,0.00023,7e-05,2.71072,4.19801,1.96598,5.9802e-05,5.9802e-05,5.9802e-05
3,61.6718,2.89115,3.86514,1.88981,0.00159,0.1028,0.00092,0.0002,2.56356,4.09748,1.81713,9.934e-05,9.934e-05,9.934e-05
4,80.4297,2.49435,3.66641,1.67582,0.00435,0.28037,0.00367,0.00087,2.35883,3.991,1.62834,0.000138614,0.000138614,0.000138614
5,99.4414,2.35131,3.4032,1.54147,0.00884,0.57009,0.01202,0.00367,2.14383,3.84716,1.47503,0.000177624,0.000177624,0.000177624
6,118.552,2.1584,2.89879,1.39036,0.01304,0.84112,0.02675,0.00909,2.02764,3.64391,1.3439,0.00021637,0.00021637,0.00021637
7,138.646,2.21195,2.30297,1.37449,0.01536,0.99065,0.0348,0.01363,1.98301,3.47142,1.24451,0.000254852,0.000254852,0.000254852
8,157.785,2.23057,1.92638,1.33763,0.01507,0.97196,0.08804,0.02794,2.02284,3.42778,1.23012,0.00029307,0.00029307,0.00029307
9,176.996,1.97896,1.83286,1.27503,0.01522,0.98131,0.13744,0.04406,2.03941,3.42154,1.22669,0.000331024,0.000331024,0.000331024
10,197.1,1.94907,1.7508,1.27609,0.01507,0.97196,0.1927,0.05234,1.95245,3.35334,1.1744,0.000368714,0.000368714,0.000368714
11,217.34,1.94558,1.63663,1.2524,0.01536,0.99065,0.20753,0.04908,1.81583,3.27543,1.13768,0.00040614,0.00040614,0.00040614
12,237.287,1.9925,1.61505,1.33498,0.01536,0.99065,0.22521,0.0432,1.77286,3.27682,1.15273,0.000443302,0.000443302,0.000443302
13,256.722,1.97289,1.42071,1.26373,0.01522,0.98131,0.06761,0.01673,1.77465,3.28414,1.17868,0.0004802,0.0004802,0.0004802
14,276.092,1.8959,1.40567,1.23077,0.01522,0.98131,0.02435,0.00872,1.8045,3.31104,1.19787,0.000516834,0.000516834,0.000516834
15,296.094,1.80272,1.44646,1.26161,0.01522,0.98131,0.02495,0.00967,1.76131,3.25269,1.17872,0.000553204,0.000553204,0.000553204
16,315.576,1.81967,1.34619,1.23413,0.01522,0.98131,0.11463,0.06845,1.65806,3.13031,1.14531,0.00058931,0.00058931,0.00058931
17,335.367,1.82963,1.41141,1.20203,0.01464,0.94393,0.12394,0.07202,1.68357,3.06881,1.15134,0.000625152,0.000625152,0.000625152
18,355.193,1.72963,1.19638,1.1678,0.0142,0.91589,0.06882,0.04106,1.63571,3.083,1.12753,0.00066073,0.00066073,0.00066073
19,374.866,1.83245,1.3174,1.14619,0.01232,0.79439,0.04366,0.02479,1.55782,3.06822,1.09444,0.000696044,0.000696044,0.000696044
20,394.17,1.81503,1.20297,1.19723,0.01319,0.85047,0.05881,0.03061,1.55168,3.02803,1.08843,0.000731094,0.000731094,0.000731094
21,412.735,1.6799,1.12364,1.21361,0.01377,0.88785,0.05489,0.02832,1.59234,3.00027,1.08738,0.00076588,0.00076588,0.00076588
22,432.349,1.74592,1.17875,1.13805,0.01493,0.96262,0.09137,0.04823,1.59896,2.97696,1.07955,0.000800402,0.000800402,0.000800402
23,452.114,1.53263,1.12227,1.17135,0.01536,0.99065,0.15142,0.08073,1.49514,2.93995,1.05345,0.00083466,0.00083466,0.00083466
24,471.899,1.57741,1.04797,1.10923,0.01551,1,0.20697,0.09844,1.48363,2.84948,1.06243,0.000868654,0.000868654,0.000868654
25,491.693,1.78092,1.18349,1.16871,0.01551,1,0.25558,0.11806,1.54025,2.86877,1.09344,0.000902384,0.000902384,0.000902384
26,511.241,1.66017,1.06479,1.13263,0.01551,1,0.58564,0.26971,1.5415,2.80905,1.09099,0.00093585,0.00093585,0.00093585
27,530.196,1.6867,1.09934,1.13562,0.01536,0.99065,0.69982,0.34909,1.49272,2.6933,1.08026,0.000969052,0.000969052,0.000969052
28,550.375,1.67539,1.04905,1.0983,0.01536,0.99065,0.69982,0.34909,1.49272,2.6933,1.08026,0.00100199,0.00100199,0.00100199
29,570.62,1.80999,1.22847,1.1165,0.01536,0.99065,0.65423,0.35806,1.47531,2.68774,1.08077,0.00103466,0.00103466,0.00103466
30,591.225,1.62241,1.04465,1.08025,0.01574,0.98131,0.7068,0.3377,1.57566,2.57763,1.13101,0.00106707,0.00106707,0.00106707
31,610.833,1.66514,1.16676,1.20542,0.01574,0.98131,0.7068,0.3377,1.57566,2.57763,1.13101,0.00109922,0.00109922,0.00109922
32,630.988,1.66361,1.10895,1.18739,0.86425,0.84112,0.80266,0.39333,1.56247,2.47467,1.13793,0.0011311,0.0011311,0.0011311
33,650.46,1.64015,1.02075,1.10533,0.98346,0.55584,0.94843,0.45485,1.67389,2.31266,1.18408,0.00116272,0.00116272,0.00116272
34,670.222,1.5845,1.04205,1.16331,0.98346,0.55584,0.94843,0.45485,1.67389,2.31266,1.18408,0.00119407,0.00119407,0.00119407
35,689.879,1.68872,1.12363,1.16701,0.91517,0.40335,0.88848,0.42485,1.69525,2.38233,1.18025,0.00122516,0.00122516,0.00122516
36,708.878,1.66971,1.05438,1.16434,0.97072,0.30986,0.91528,0.4846,1.53367,2.39516,1.0956,0.00125599,0.00125599,0.00125599
37,729.041,1.49055,1.02897,1.13813,0.97072,0.30986,0.91528,0.4846,1.53367,2.39516,1.0956,0.00128655,0.00128655,0.00128655
38,748.756,1.5066,1.05544,1.07975,0.97847,0.42478,0.90036,0.50499,1.49996,2.22221,1.08045,0.00131685,0.00131685,0.00131685
39,766.856,1.53752,0.99653,1.11142,0.78408,0.52336,0.77661,0.42913,1.50718,2.09641,1.08828,0.00134688,0.00134688,0.00134688
40,785.364,1.46569,1.05107,1.07343,0.78408,0.52336,0.77661,0.42913,1.50718,2.09641,1.08828,0.00137665,0.00137665,0.00137665
41,803.214,1.45044,0.9793,1.09496,0.8802,0.48072,0.72997,0.37041,1.60286,2.26738,1.13794,0.00140616,0.00140616,0.00140616
42,821.473,1.46885,0.95296,1.06395,0.94358,0.46891,0.78117,0.40035,1.62407,2.21326,1.14609,0.0014354,0.0014354,0.0014354
43,839.37,1.5976,0.97793,1.0691,0.94358,0.46891,0.78117,0.40035,1.62407,2.21326,1.14609,0.00146438,0.00146438,0.00146438
44,857.898,1.45453,1.04086,1.08708,0.90047,0.38318,0.77761,0.42697,1.45719,2.16582,1.08089,0.00149309,0.00149309,0.00149309
45,876.488,1.58793,1.0317,1.14622,0.90047,0.38318,0.77761,0.42697,1.45719,2.16582,1.08089,0.00152154,0.00152154,0.00152154
46,894.732,1.68195,1.06305,1.10409,0.95217,0.55819,0.87754,0.46686,1.61513,1.95781,1.15322,0.00154973,0.00154973,0.00154973
47,912.922,1.51611,0.98876,1.06687,0.95217,0.55819,0.87754,0.46686,1.61513,1.95781,1.15322,0.00157765,0.00157765,0.00157765
48,930.922,1.55784,0.95108,1.12368,0.86292,0.72897,0.90063,0.40943,1.78177,1.76153,1.24671,0.00160531,0.00160531,0.00160531
49,949.036,1.53846,1.00032,1.14203,0.86292,0.72897,0.90063,0.40943,1.78177,1.76153,1.24671,0.0016327,0.0016327,0.0016327
50,967.208,1.58905,0.998,1.10646,0.82932,0.80374,0.91814,0.45621,1.51482,1.56664,1.13111,0.00165983,0.00165983,0.00165983
51,985.519,1.61144,0.96775,1.05103,0.82932,0.80374,0.91814,0.45621,1.51482,1.56664,1.13111,0.00167,0.00167,0.00167
52,1003.5,1.41144,1.03352,1.12037,0.95334,0.82243,0.94691,0.5108,1.44392,1.46377,1.09373,0.0016634,0.0016634,0.0016634
53,1022,1.48847,0.96902,1.06121,0.95334,0.82243,0.94691,0.5108,1.44392,1.46377,1.09373,0.0016568,0.0016568,0.0016568
54,1039.78,1.47973,0.96445,1.06847,0.89634,0.84112,0.94004,0.45419,1.67767,1.42424,1.18912,0.0016502,0.0016502,0.0016502
55,1057.85,1.43797,0.87571,1.05059,0.89634,0.84112,0.94004,0.45419,1.67767,1.42424,1.18912,0.0016436,0.0016436,0.0016436
56,1075.78,1.47727,0.92147,1.10152,0.90149,0.85532,0.95127,0.51838,1.52169,1.35215,1.13433,0.001637,0.001637,0.001637
57,1094.42,1.41545,0.94199,1.07113,0.90149,0.85532,0.95127,0.51838,1.52169,1.35215,1.13433,0.0016304,0.0016304,0.0016304
58,1112.94,1.48112,0.92409,1.07621,0.90973,0.94191,0.98208,0.59816,1.43794,1.21075,1.10237,0.0016238,0.0016238,0.0016238
59,1131.23,1.65768,1.02726,1.27389,0.90973,0.94191,0.98208,0.59816,1.43794,1.21075,1.10237,0.0016172,0.0016172,0.0016172
60,1149.95,1.42839,0.91752,1.05146,0.90912,0.93458,0.97866,0.53362,1.55005,1.21029,1.15069,0.0016106,0.0016106,0.0016106
61,1167.73,1.51657,0.859,1.09989,0.90912,0.93458,0.97866,0.53362,1.55005,1.21029,1.15069,0.001604,0.001604,0.001604
62,1185.85,1.42656,0.86599,1.06219,0.90541,0.93458,0.97285,0.60347,1.32731,1.09785,1.06473,0.0015974,0.0015974,0.0015974
63,1203.9,1.47067,0.85025,1.05079,0.90541,0.93458,0.97285,0.60347,1.32731,1.09785,1.06473,0.0015908,0.0015908,0.0015908
64,1222.56,1.53421,0.9178,1.01118,0.94417,0.94393,0.98109,0.62517,1.25497,0.96003,1.03863,0.0015842,0.0015842,0.0015842
65,1240.36,1.42592,0.9835,1.10132,0.94417,0.94393,0.98109,0.62517,1.25497,0.96003,1.03863,0.0015776,0.0015776,0.0015776
66,1258.39,1.518,0.88879,1.08417,0.93629,0.97196,0.98321,0.58506,1.39662,0.97569,1.0775,0.001571,0.001571,0.001571
67,1276.2,1.34427,0.86571,1.03104,0.93629,0.97196,0.98321,0.58506,1.39662,0.97569,1.0775,0.0015644,0.0015644,0.0015644
68,1294.27,1.36593,0.82557,1.01018,0.9499,0.96262,0.98709,0.61812,1.2998,0.9269,1.03707,0.0015578,0.0015578,0.0015578
69,1312.05,1.39995,0.84535,1.02998,0.9499,0.96262,0.98709,0.61812,1.2998,0.9269,1.03707,0.0015512,0.0015512,0.0015512
70,1329.95,1.28457,0.7976,1.02521,0.94532,0.96942,0.98821,0.61514,1.29927,0.90871,1.04282,0.0015446,0.0015446,0.0015446
71,1347.49,1.20933,0.77952,0.96807,0.94532,0.96942,0.98821,0.61514,1.29927,0.90871,1.04282,0.001538,0.001538,0.001538
72,1365.48,1.33003,0.7942,1.02982,0.96253,0.96024,0.98622,0.60918,1.33945,0.90612,1.06207,0.0015314,0.0015314,0.0015314
73,1383.55,1.2837,0.80581,1.02175,0.96253,0.96024,0.98622,0.60918,1.33945,0.90612,1.06207,0.0015248,0.0015248,0.0015248
74,1401.75,1.45046,0.8814,1.03724,0.94681,0.97196,0.98525,0.6333,1.29294,0.86088,1.04379,0.0015182,0.0015182,0.0015182
75,1419.98,1.30487,0.83364,1.04157,0.94681,0.97196,0.98525,0.6333,1.29294,0.86088,1.04379,0.0015116,0.0015116,0.0015116
76,1438.07,1.53862,0.85408,1.05239,0.96296,0.98131,0.98992,0.63046,1.28417,0.83726,1.03997,0.001505,0.001505,0.001505
77,1455.97,1.31785,0.84281,1.01452,0.96296,0.98131,0.98992,0.63046,1.28417,0.83726,1.03997,0.0014984,0.0014984,0.0014984
78,1473.98,1.29189,0.81539,1.03337,0.96112,0.99065,0.99064,0.6318,1.29679,0.83914,1.04519,0.0014918,0.0014918,0.0014918
79,1492.25,1.32382,0.79579,0.99521,0.96112,0.99065,0.99064,0.6318,1.29679,0.83914,1.04519,0.0014852,0.0014852,0.0014852
80,1510.21,1.27741,0.8002,0.96747,0.95333,0.99065,0.98928,0.64065,1.27581,0.82003,1.04082,0.0014786,0.0014786,0.0014786
81,1528.51,1.25418,0.76672,0.97922,0.95333,0.99065,0.98928,0.64065,1.27581,0.82003,1.04082,0.001472,0.001472,0.001472
82,1546.49,1.26769,0.76466,0.99153,0.95186,0.98131,0.98751,0.64336,1.26351,0.81125,1.0471,0.0014654,0.0014654,0.0014654
83,1565.32,1.35114,0.76532,0.9844,0.95186,0.98131,0.98751,0.64336,1.26351,0.81125,1.0471,0.0014588,0.0014588,0.0014588
84,1583.11,1.29203,0.7911,1.00781,0.93831,0.99065,0.98923,0.60375,1.30492,0.83481,1.06779,0.0014522,0.0014522,0.0014522
85,1601.07,1.29056,0.79541,1.02103,0.93831,0.99065,0.98923,0.60375,1.30492,0.83481,1.06779,0.0014456,0.0014456,0.0014456
86,1621.07,1.494,0.97235,1.13389,0.96366,0.99125,0.98972,0.61736,1.29249,0.82084,1.04964,0.001439,0.001439,0.001439
87,1640.2,1.32727,0.78776,1.0122,0.96366,0.99125,0.98972,0.61736,1.29249,0.82084,1.04964,0.0014324,0.0014324,0.0014324
88,1658.45,1.43709,0.846,1.05451,0.93839,0.99645,0.98157,0.57361,1.40948,0.88949,1.08338,0.0014258,0.0014258,0.0014258
89,1676.09,1.37046,0.81719,1.04145,0.93839,0.99645,0.98157,0.57361,1.40948,0.88949,1.08338,0.0014192,0.0014192,0.0014192
90,1694.33,1.49308,0.84221,1.06997,0.95529,0.99844,0.98653,0.64716,1.25456,0.82898,1.02726,0.0014126,0.0014126,0.0014126
91,1712.44,1.34854,0.7964,0.99505,0.95529,0.99844,0.98653,0.64716,1.25456,0.82898,1.02726,0.001406,0.001406,0.001406
92,1730.8,1.38632,0.80006,1.02312,0.94132,0.97196,0.97377,0.62533,1.23156,0.82672,1.0284,0.0013994,0.0013994,0.0013994
93,1748.2,1.29886,0.79607,1.0285,0.94132,0.97196,0.97377,0.62533,1.23156,0.82672,1.0284,0.0013928,0.0013928,0.0013928
94,1766.27,1.52984,0.89648,1.10235,0.93282,0.97196,0.97202,0.59367,1.30046,0.84838,1.06214,0.0013862,0.0013862,0.0013862
95,1783.66,1.32493,0.81141,1.0415,0.93282,0.97196,0.97202,0.59367,1.30046,0.84838,1.06214,0.0013796,0.0013796,0.0013796
96,1801.57,1.37033,0.84356,1.07074,0.94383,0.99065,0.98077,0.65032,1.19203,0.78821,1.02178,0.001373,0.001373,0.001373
97,1818.99,1.30405,0.77519,0.99601,0.94383,0.99065,0.98077,0.65032,1.19203,0.78821,1.02178,0.0013664,0.0013664,0.0013664
98,1837.32,1.30435,0.77446,1.01491,0.96384,0.99658,0.98658,0.61005,1.28374,0.80179,1.04745,0.0013598,0.0013598,0.0013598
99,1854.56,1.54569,0.81309,1.03151,0.96384,0.99658,0.98658,0.61005,1.28374,0.80179,1.04745,0.0013532,0.0013532,0.0013532
100,1872.56,1.41032,0.78774,1.06411,0.96333,0.98197,0.99227,0.62901,1.29519,0.81566,1.04693,0.0013466,0.0013466,0.0013466
101,1890.25,1.33351,0.75283,0.99722,0.96333,0.98197,0.99227,0.62901,1.29519,0.81566,1.04693,0.00134,0.00134,0.00134
102,1908.01,1.38274,0.78945,1.01959,0.9787,0.99065,0.99425,0.69029,1.08217,0.78085,0.97146,0.0013334,0.0013334,0.0013334
103,1925.53,1.29628,0.76109,0.97677,0.9787,0.99065,0.99425,0.69029,1.08217,0.78085,0.97146,0.0013268,0.0013268,0.0013268
104,1943.43,1.18985,0.74367,0.9712,1,0.99023,0.995,0.64649,1.18521,0.76791,1.01429,0.0013202,0.0013202,0.0013202
105,1960.75,1.37288,0.78193,1.03377,1,0.99023,0.995,0.64649,1.18521,0.76791,1.01429,0.0013136,0.0013136,0.0013136
106,1979.09,1.30793,0.74264,1.03753,0.97324,0.99065,0.99435,0.66663,1.14355,0.73818,1.00727,0.001307,0.001307,0.001307
107,1996.39,1.18659,0.69373,0.98955,0.97324,0.99065,0.99435,0.66663,1.14355,0.73818,1.00727,0.0013004,0.0013004,0.0013004
108,2014.2,1.28142,0.69972,0.9828,0.98123,0.97691,0.99371,0.68634,1.11266,0.7206,0.98597,0.0012938,0.0012938,0.0012938
109,2031.57,1.29974,0.73201,1.0133,0.98123,0.97691,0.99371,0.68634,1.11266,0.7206,0.98597,0.0012872,0.0012872,0.0012872
110,2049.53,1.23233,0.76776,0.9806,0.98092,0.96109,0.99336,0.69027,1.12608,0.73488,0.98773,0.0012806,0.0012806,0.0012806
111,2066.96,1.22626,0.70422,0.95809,0.98092,0.96109,0.99336,0.69027,1.12608,0.73488,0.98773,0.001274,0.001274,0.001274
112,2084.94,1.27493,0.70863,1.00451,0.97986,0.99065,0.99463,0.69689,1.08704,0.71354,0.98034,0.0012674,0.0012674,0.0012674
113,2102.49,1.11805,0.66761,0.94545,0.97986,0.99065,0.99463,0.69689,1.08704,0.71354,0.98034,0.0012608,0.0012608,0.0012608
114,2120.42,1.20007,0.71901,0.97894,0.97763,0.99065,0.99434,0.69131,1.09716,0.71209,0.98257,0.0012542,0.0012542,0.0012542
115,2137.7,1.24923,0.70797,1.01343,0.97763,0.99065,0.99434,0.69131,1.09716,0.71209,0.98257,0.0012476,0.0012476,0.0012476
116,2155.49,1.15964,0.70786,0.9381,0.97264,0.99675,0.99238,0.67186,1.16032,0.71112,0.99921,0.001241,0.001241,0.001241
117,2172.71,1.24651,0.7107,0.98294,0.97264,0.99675,0.99238,0.67186,1.16032,0.71112,0.99921,0.0012344,0.0012344,0.0012344
118,2190.54,1.2228,0.71693,0.96876,0.99056,0.9812,0.99406,0.70083,1.10102,0.69596,0.98445,0.0012278,0.0012278,0.0012278
119,2208.26,1.13218,0.63514,0.95488,0.99056,0.9812,0.99406,0.70083,1.10102,0.69596,0.98445,0.0012212,0.0012212,0.0012212
120,2226.65,1.11299,0.63543,0.93582,0.98192,0.98131,0.99406,0.71377,1.07151,0.69794,0.98358,0.0012146,0.0012146,0.0012146
121,2245.63,1.2349,0.68773,0.96654,0.98192,0.98131,0.99406,0.71377,1.07151,0.69794,0.98358,0.001208,0.001208,0.001208
122,2265.25,1.20945,0.68787,0.9913,0.98948,0.99065,0.99425,0.73171,1.01515,0.69212,0.96699,0.0012014,0.0012014,0.0012014
123,2284.64,1.21347,0.6701,0.96626,0.98948,0.99065,0.99425,0.73171,1.01515,0.69212,0.96699,0.0011948,0.0011948,0.0011948
124,2304.62,1.24423,0.68798,1.01051,0.98379,0.98131,0.99349,0.74313,0.98606,0.67629,0.95483,0.0011882,0.0011882,0.0011882
125,2324.77,1.22977,0.69551,0.97221,0.98379,0.98131,0.99349,0.74313,0.98606,0.67629,0.95483,0.0011816,0.0011816,0.0011816
126,2348.43,1.28816,0.79695,1.0974,0.95416,1,0.99099,0.67452,1.16601,0.7241,1.00729,0.001175,0.001175,0.001175
127,2368.68,1.30038,0.75479,1.0657,0.95416,1,0.99099,0.67452,1.16601,0.7241,1.00729,0.0011684,0.0011684,0.0011684
128,2388.55,1.2032,0.73647,1.04633,0.96234,1,0.98976,0.66495,1.18605,0.75698,1.00058,0.0011618,0.0011618,0.0011618
129,2408.62,1.29337,0.75385,1.03766,0.96234,1,0.98976,0.66495,1.18605,0.75698,1.00058,0.0011552,0.0011552,0.0011552
130,2427.82,1.20739,0.70884,1.02922,0.98164,0.99958,0.99251,0.70291,1.05153,0.69305,0.95949,0.0011486,0.0011486,0.0011486
131,2445.36,1.17496,0.67281,0.94374,0.98164,0.99958,0.99251,0.70291,1.05153,0.69305,0.95949,0.001142,0.001142,0.001142
132,2463.35,1.19322,0.72084,0.94292,0.97799,0.99065,0.99377,0.66738,1.1318,0.67814,0.99029,0.0011354,0.0011354,0.0011354
133,2480.69,1.20183,0.7483,1.01572,0.97799,0.99065,0.99377,0.66738,1.1318,0.67814,0.99029,0.0011288,0.0011288,0.0011288
134,2498.69,1.22556,0.70272,1.0239,0.9721,0.99065,0.99368,0.6802,1.11903,0.68641,0.99224,0.0011222,0.0011222,0.0011222
135,2516.19,1.20533,0.68204,0.99185,0.9721,0.99065,0.99368,0.6802,1.11903,0.68641,0.99224,0.0011156,0.0011156,0.0011156
136,2534.18,1.25842,0.6698,0.98976,0.97236,0.99065,0.99387,0.71639,1.00717,0.67518,0.95657,0.001109,0.001109,0.001109
137,2551.55,1.06497,0.69797,0.95296,0.97236,0.99065,0.99387,0.71639,1.00717,0.67518,0.95657,0.0011024,0.0011024,0.0011024
138,2569.49,1.09031,0.64352,0.94188,0.98128,0.97966,0.99454,0.71778,1.01935,0.66562,0.95306,0.0010958,0.0010958,0.0010958
139,2586.78,1.09117,0.64703,0.93181,0.98128,0.97966,0.99454,0.71778,1.01935,0.66562,0.95306,0.0010892,0.0010892,0.0010892
140,2604.41,1.13492,0.62515,0.92135,0.96179,0.99065,0.99387,0.71918,1.03474,0.65228,0.95788,0.0010826,0.0010826,0.0010826
141,2622.12,1.10475,0.65275,0.93723,0.96179,0.99065,0.99387,0.71918,1.03474,0.65228,0.95788,0.001076,0.001076,0.001076
142,2639.66,1.09376,0.63151,0.92787,0.98139,0.98584,0.99377,0.7401,0.99893,0.65376,0.94788,0.0010694,0.0010694,0.0010694
143,2657.63,1.13466,0.66278,0.96022,0.98139,0.98584,0.99377,0.7401,0.99893,0.65376,0.94788,0.0010628,0.0010628,0.0010628
144,2675.54,1.15358,0.65116,0.95422,0.98148,0.9904,0.9931,0.72757,1.02087,0.65254,0.9529,0.0010562,0.0010562,0.0010562
145,2693.67,1.1929,0.66631,0.95444,0.98148,0.9904,0.9931,0.72757,1.02087,0.65254,0.9529,0.0010496,0.0010496,0.0010496
146,2712.86,1.15268,0.66993,0.91255,0.97803,0.99065,0.9933,0.73677,0.97484,0.62027,0.93892,0.001043,0.001043,0.001043
147,2731.42,0.9871,0.58999,0.93075,0.97803,0.99065,0.9933,0.73677,0.97484,0.62027,0.93892,0.0010364,0.0010364,0.0010364
148,2750.28,0.96888,0.61305,0.93563,0.98059,0.99065,0.99292,0.75458,0.94789,0.61412,0.93303,0.0010298,0.0010298,0.0010298
149,2768.79,1.04643,0.63392,0.93844,0.98059,0.99065,0.99292,0.75458,0.94789,0.61412,0.93303,0.0010232,0.0010232,0.0010232
150,2787.72,0.97366,0.62192,0.94027,0.9816,0.99732,0.99359,0.73364,1.01258,0.62794,0.9493,0.0010166,0.0010166,0.0010166
151,2806.27,1.23778,0.67937,1.05563,0.9816,0.99732,0.99359,0.73364,1.01258,0.62794,0.9493,0.00101,0.00101,0.00101
152,2824.37,1.05897,0.60808,0.9161,0.9816,0.99725,0.99369,0.74301,0.99389,0.60194,0.94245,0.0010034,0.0010034,0.0010034
153,2843.95,1.06755,0.58713,0.94584,0.9816,0.99725,0.99369,0.74301,0.99389,0.60194,0.94245,0.0009968,0.0009968,0.0009968
154,2862.52,1.10746,0.59642,0.9422,0.99062,0.9872,0.99379,0.75836,0.92731,0.58523,0.92231,0.0009902,0.0009902,0.0009902
155,2881.01,0.92945,0.57615,0.90915,0.99062,0.9872,0.99379,0.75836,0.92731,0.58523,0.92231,0.0009836,0.0009836,0.0009836
156,2898.87,0.96142,0.57326,0.9235,0.99064,0.98912,0.99397,0.7725,0.88804,0.58632,0.90959,0.000977,0.000977,0.000977
157,2917.15,0.98177,0.61903,0.9372,0.99064,0.98912,0.99397,0.7725,0.88804,0.58632,0.90959,0.0009704,0.0009704,0.0009704
158,2934.93,1.02931,0.61963,0.95468,0.99072,0.99804,0.99407,0.75586,0.89008,0.59131,0.90717,0.0009638,0.0009638,0.0009638
159,2953.57,0.97345,0.59417,0.92136,0.99072,0.99804,0.99407,0.75586,0.89008,0.59131,0.90717,0.0009572,0.0009572,0.0009572
160,2972.06,0.93832,0.55491,0.90569,0.99073,0.9989,0.99426,0.74957,0.93561,0.58201,0.92125,0.0009506,0.0009506,0.0009506
161,2990.33,0.97827,0.5756,0.89305,0.99073,0.9989,0.99426,0.74957,0.93561,0.58201,0.92125,0.000944,0.000944,0.000944
162,3008.07,0.99508,0.62548,0.95161,0.97996,1,0.99406,0.76862,0.87053,0.56385,0.90814,0.0009374,0.0009374,0.0009374
163,3026,1.06389,0.61507,0.92712,0.97996,1,0.99406,0.76862,0.87053,0.56385,0.90814,0.0009308,0.0009308,0.0009308
164,3043.72,1.01891,0.57358,0.91237,0.97759,1,0.9938,0.76591,0.87489,0.57567,0.90947,0.0009242,0.0009242,0.0009242
165,3060.98,0.95966,0.57504,0.8892,0.97759,1,0.9938,0.76591,0.87489,0.57567,0.90947,0.0009176,0.0009176,0.0009176
166,3078.57,0.88774,0.57558,0.89789,0.98164,0.99921,0.99408,0.75114,0.90062,0.57206,0.91347,0.000911,0.000911,0.000911
167,3095.84,1.00734,0.59089,0.91477,0.98164,0.99921,0.99408,0.75114,0.90062,0.57206,0.91347,0.0009044,0.0009044,0.0009044
168,3113.63,0.88756,0.54253,0.8883,0.97176,0.99065,0.99398,0.74898,0.90607,0.56456,0.91351,0.0008978,0.0008978,0.0008978
169,3131.09,0.93556,0.55303,0.91663,0.97176,0.99065,0.99398,0.74898,0.90607,0.56456,0.91351,0.0008912,0.0008912,0.0008912
170,3148.52,0.94106,0.58528,0.89132,0.99188,0.99065,0.995,0.76742,0.85206,0.54284,0.90248,0.0008846,0.0008846,0.0008846
171,3165.96,0.95735,0.56772,0.90966,0.99188,0.99065,0.995,0.76742,0.85206,0.54284,0.90248,0.000878,0.000878,0.000878
172,3183.11,0.98924,0.59856,0.91901,1,0.99874,0.995,0.7917,0.80374,0.51237,0.88951,0.0008714,0.0008714,0.0008714
173,3200.67,0.86335,0.52097,0.91944,1,0.99874,0.995,0.7917,0.80374,0.51237,0.88951,0.0008648,0.0008648,0.0008648
174,3218.13,0.9953,0.58058,0.9137,0.99595,1,0.995,0.79311,0.81379,0.51398,0.89232,0.0008582,0.0008582,0.0008582
175,3235.68,0.89962,0.53112,0.88546,0.99595,1,0.995,0.79311,0.81379,0.51398,0.89232,0.0008516,0.0008516,0.0008516
176,3253.21,0.88311,0.5526,0.87956,0.99766,1,0.995,0.79002,0.83669,0.52921,0.8998,0.000845,0.000845,0.000845
177,3270.6,1.02806,0.57715,0.90229,0.99766,1,0.995,0.79002,0.83669,0.52921,0.8998,0.0008384,0.0008384,0.0008384
178,3287.9,1.05786,0.5967,0.93348,1,0.99833,0.995,0.7972,0.81409,0.53096,0.89221,0.0008318,0.0008318,0.0008318
179,3305.5,0.87559,0.54616,0.86911,1,0.99833,0.995,0.7972,0.81409,0.53096,0.89221,0.0008252,0.0008252,0.0008252
180,3322.92,0.92114,0.54641,0.89343,1,0.99772,0.995,0.80212,0.79072,0.51118,0.8841,0.0008186,0.0008186,0.0008186
181,3340.82,0.91425,0.51343,0.89899,1,0.99772,0.995,0.80212,0.79072,0.51118,0.8841,0.000812,0.000812,0.000812
182,3358.12,0.95923,0.5462,0.90523,0.99666,1,0.995,0.80371,0.78275,0.50374,0.88192,0.0008054,0.0008054,0.0008054
183,3376.22,0.89781,0.52472,0.88437,0.99666,1,0.995,0.80371,0.78275,0.50374,0.88192,0.0007988,0.0007988,0.0007988
184,3393.43,0.90722,0.53514,0.89072,0.98881,1,0.995,0.79615,0.79434,0.50724,0.88289,0.0007922,0.0007922,0.0007922
185,3411.31,0.88768,0.52753,0.90864,0.98881,1,0.995,0.79615,0.79434,0.50724,0.88289,0.0007856,0.0007856,0.0007856
186,3428.56,0.98778,0.53861,0.88396,0.9991,1,0.995,0.79764,0.80403,0.51387,0.88441,0.000779,0.000779,0.000779
187,3446.11,0.92046,0.54757,0.9115,0.9991,1,0.995,0.79764,0.80403,0.51387,0.88441,0.0007724,0.0007724,0.0007724
188,3463.23,0.99944,0.56237,0.9048,0.99907,1,0.995,0.80641,0.79171,0.51424,0.88153,0.0007658,0.0007658,0.0007658
189,3480.93,0.96837,0.56788,0.90336,0.99907,1,0.995,0.80641,0.79171,0.51424,0.88153,0.0007592,0.0007592,0.0007592
190,3498.14,0.93803,0.56051,0.95275,0.99915,1,0.995,0.79316,0.84257,0.51768,0.89419,0.0007526,0.0007526,0.0007526
191,3515.82,0.9257,0.54397,0.89211,0.99915,1,0.995,0.79316,0.84257,0.51768,0.89419,0.000746,0.000746,0.000746
192,3533.04,1.00617,0.56258,0.92961,0.99927,1,0.995,0.79,0.84589,0.51979,0.89528,0.0007394,0.0007394,0.0007394
193,3550.93,0.96982,0.5533,0.90045,0.99927,1,0.995,0.79,0.84589,0.51979,0.89528,0.0007328,0.0007328,0.0007328
194,3568.23,1.01189,0.56816,0.90962,0.99936,1,0.995,0.82544,0.71558,0.49301,0.86742,0.0007262,0.0007262,0.0007262
195,3586.13,0.94194,0.55404,0.89013,0.99936,1,0.995,0.82544,0.71558,0.49301,0.86742,0.0007196,0.0007196,0.0007196
196,3604.03,0.90077,0.53938,0.88951,0.9996,1,0.995,0.80875,0.74621,0.49721,0.87064,0.000713,0.000713,0.000713
197,3621.71,0.88609,0.56142,0.89212,0.9996,1,0.995,0.80875,0.74621,0.49721,0.87064,0.0007064,0.0007064,0.0007064
198,3639.16,0.99241,0.5711,0.9245,0.98871,1,0.995,0.80368,0.75927,0.50167,0.87367,0.0006998,0.0006998,0.0006998
199,3656.83,1.01991,0.58077,0.92116,0.98871,1,0.995,0.80368,0.75927,0.50167,0.87367,0.0006932,0.0006932,0.0006932
200,3674.06,0.95604,0.57424,0.92704,0.99858,1,0.995,0.81436,0.72611,0.49835,0.86999,0.0006866,0.0006866,0.0006866
201,3691.52,0.96309,0.59146,0.89982,0.99858,1,0.995,0.81436,0.72611,0.49835,0.86999,0.00068,0.00068,0.00068
202,3708.75,0.94409,0.56376,0.90758,0.9987,1,0.995,0.77468,0.84949,0.52053,0.89435,0.0006734,0.0006734,0.0006734
203,3726.2,0.96248,0.52971,0.90492,0.9987,1,0.995,0.77468,0.84949,0.52053,0.89435,0.0006668,0.0006668,0.0006668
204,3743.66,0.98585,0.54255,0.89072,0.99894,1,0.995,0.74821,0.91484,0.53339,0.90792,0.0006602,0.0006602,0.0006602
205,3761.05,1.03206,0.55926,0.90738,0.99894,1,0.995,0.74821,0.91484,0.53339,0.90792,0.0006536,0.0006536,0.0006536
206,3778.64,0.96742,0.55867,0.89871,0.99937,1,0.995,0.79779,0.79656,0.51139,0.88284,0.000647,0.000647,0.000647
207,3796.25,0.99868,0.58592,0.91775,0.99937,1,0.995,0.79779,0.79656,0.51139,0.88284,0.0006404,0.0006404,0.0006404
208,3813.51,0.86995,0.52932,0.91529,0.99945,1,0.995,0.82599,0.70621,0.48577,0.86124,0.0006338,0.0006338,0.0006338
209,3831.02,0.87231,0.5181,0.89221,0.99945,1,0.995,0.82599,0.70621,0.48577,0.86124,0.0006272,0.0006272,0.0006272
210,3848.69,0.89317,0.53421,0.88648,0.9989,1,0.995,0.81856,0.7436,0.47772,0.8669,0.0006206,0.0006206,0.0006206
211,3865.85,1.01216,0.57091,0.90497,0.9989,1,0.995,0.81856,0.7436,0.47772,0.8669,0.000614,0.000614,0.000614
212,3883.22,0.87638,0.50188,0.90279,0.99856,1,0.995,0.82358,0.71581,0.46423,0.86286,0.0006074,0.0006074,0.0006074
213,3900.31,0.88735,0.51507,0.87201,0.99856,1,0.995,0.82358,0.71581,0.46423,0.86286,0.0006008,0.0006008,0.0006008
214,3918.03,0.8367,0.51395,0.86495,0.99897,1,0.995,0.83375,0.6609,0.44925,0.85281,0.0005942,0.0005942,0.0005942
215,3935.37,0.85491,0.55814,0.90418,0.99897,1,0.995,0.83375,0.6609,0.44925,0.85281,0.0005876,0.0005876,0.0005876
216,3953.11,0.86457,0.52176,0.90301,0.99891,1,0.995,0.81614,0.7095,0.46308,0.85992,0.000581,0.000581,0.000581
217,3970.32,0.94586,0.51711,0.89439,0.99891,1,0.995,0.81614,0.7095,0.46308,0.85992,0.0005744,0.0005744,0.0005744
218,3988.28,0.92736,0.51019,0.87888,0.9993,1,0.995,0.80068,0.74962,0.47035,0.86846,0.0005678,0.0005678,0.0005678
219,4005.52,0.87558,0.50751,0.86827,0.9993,1,0.995,0.80068,0.74962,0.47035,0.86846,0.0005612,0.0005612,0.0005612
220,4023.63,0.84604,0.50406,0.86771,0.99955,1,0.995,0.83218,0.68739,0.46455,0.85594,0.0005546,0.0005546,0.0005546
221,4043.34,0.87215,0.49356,0.88188,0.99955,1,0.995,0.83218,0.68739,0.46455,0.85594,0.000548,0.000548,0.000548
222,4063.46,0.76073,0.49224,0.85631,1,0.99938,0.995,0.8398,0.65026,0.44533,0.84817,0.0005414,0.0005414,0.0005414
223,4084,0.86828,0.51398,0.85093,1,0.99938,0.995,0.8398,0.65026,0.44533,0.84817,0.0005348,0.0005348,0.0005348
224,4104.75,0.89839,0.54054,0.89822,0.99837,1,0.995,0.83366,0.68769,0.45283,0.8534,0.0005282,0.0005282,0.0005282
225,4124.95,0.78923,0.47287,0.8774,0.99837,1,0.995,0.83366,0.68769,0.45283,0.8534,0.0005216,0.0005216,0.0005216
226,4145.01,0.832,0.48834,0.84874,0.99904,1,0.995,0.8387,0.65525,0.44918,0.8482,0.000515,0.000515,0.000515
227,4162.57,0.83782,0.49488,0.89994,0.99904,1,0.995,0.8387,0.65525,0.44918,0.8482,0.0005084,0.0005084,0.0005084
228,4180.06,0.86241,0.53913,0.90564,1,0.99903,0.995,0.85708,0.61793,0.44627,0.84452,0.0005018,0.0005018,0.0005018
229,4197.84,0.84182,0.47189,0.85941,1,0.99903,0.995,0.85708,0.61793,0.44627,0.84452,0.0004952,0.0004952,0.0004952
230,4215.31,0.82169,0.50604,0.87821,0.98921,1,0.995,0.84513,0.64536,0.44319,0.85004,0.0004886,0.0004886,0.0004886
231,4233.01,0.91506,0.49767,0.87215,0.98921,1,0.995,0.84513,0.64536,0.44319,0.85004,0.000482,0.000482,0.000482
232,4250.47,0.77511,0.47915,0.86442,0.9892,1,0.995,0.83887,0.68584,0.45356,0.85723,0.0004754,0.0004754,0.0004754
233,4268.05,0.85851,0.47347,0.86501,0.9892,1,0.995,0.83887,0.68584,0.45356,0.85723,0.0004688,0.0004688,0.0004688
234,4285.78,0.76917,0.48768,0.84143,0.98962,1,0.995,0.83442,0.69019,0.45547,0.85671,0.0004622,0.0004622,0.0004622
235,4303.16,0.74407,0.46258,0.85168,0.98962,1,0.995,0.83442,0.69019,0.45547,0.85671,0.0004556,0.0004556,0.0004556
236,4320.62,0.80875,0.47386,0.86854,0.98986,1,0.995,0.83994,0.66283,0.44314,0.85006,0.000449,0.000449,0.000449
237,4338.26,0.87342,0.50765,0.875,0.98986,1,0.995,0.83994,0.66283,0.44314,0.85006,0.0004424,0.0004424,0.0004424
238,4355.5,0.76277,0.46863,0.85791,0.99928,1,0.995,0.84182,0.64558,0.43634,0.84755,0.0004358,0.0004358,0.0004358
239,4373.19,0.71629,0.43766,0.84472,0.99928,1,0.995,0.84182,0.64558,0.43634,0.84755,0.0004292,0.0004292,0.0004292
240,4390.49,0.76593,0.46746,0.8694,0.9993,1,0.995,0.84837,0.62557,0.43055,0.8433,0.0004226,0.0004226,0.0004226
241,4408.18,0.87123,0.4969,0.86238,0.9993,1,0.995,0.84837,0.62557,0.43055,0.8433,0.000416,0.000416,0.000416
242,4425.83,0.69187,0.43688,0.83808,0.99949,1,0.995,0.85075,0.61721,0.42924,0.8405,0.0004094,0.0004094,0.0004094
243,4443.5,0.74577,0.46608,0.86853,0.99949,1,0.995,0.85075,0.61721,0.42924,0.8405,0.0004028,0.0004028,0.0004028
244,4460.88,0.77161,0.46576,0.83795,0.98991,1,0.995,0.8551,0.61716,0.43384,0.84003,0.0003962,0.0003962,0.0003962
245,4478.63,0.78833,0.49441,0.8749,0.98991,1,0.995,0.8551,0.61716,0.43384,0.84003,0.0003896,0.0003896,0.0003896
246,4495.99,0.78061,0.47509,0.85272,0.99912,1,0.995,0.85375,0.62381,0.43192,0.8417,0.000383,0.000383,0.000383
247,4513.6,0.79243,0.48809,0.87688,0.99912,1,0.995,0.85375,0.62381,0.43192,0.8417,0.0003764,0.0003764,0.0003764
248,4531,0.79337,0.46222,0.84512,0.99921,1,0.995,0.84591,0.62846,0.42597,0.84298,0.0003698,0.0003698,0.0003698
249,4548.45,0.77907,0.495,0.85881,0.99921,1,0.995,0.84591,0.62846,0.42597,0.84298,0.0003632,0.0003632,0.0003632
250,4565.91,0.82051,0.50577,0.89053,0.99934,1,0.995,0.84228,0.6298,0.42571,0.84295,0.0003566,0.0003566,0.0003566
251,4583.77,0.75378,0.46507,0.8544,0.99934,1,0.995,0.84228,0.6298,0.42571,0.84295,0.00035,0.00035,0.00035
252,4601.11,0.75435,0.46907,0.87032,0.99943,1,0.995,0.85322,0.59466,0.41847,0.83657,0.0003434,0.0003434,0.0003434
253,4618.78,0.84667,0.49472,0.87885,0.99943,1,0.995,0.85322,0.59466,0.41847,0.83657,0.0003368,0.0003368,0.0003368
254,4636.41,0.78352,0.47011,0.86315,0.99929,1,0.995,0.86217,0.56004,0.41248,0.83106,0.0003302,0.0003302,0.0003302
255,4654.13,0.77051,0.46233,0.90284,0.99929,1,0.995,0.86217,0.56004,0.41248,0.83106,0.0003236,0.0003236,0.0003236
256,4671.76,0.67113,0.42872,0.82909,0.99925,1,0.995,0.86774,0.55319,0.40418,0.82947,0.000317,0.000317,0.000317
257,4689.51,0.82667,0.49523,0.88558,0.99925,1,0.995,0.86774,0.55319,0.40418,0.82947,0.0003104,0.0003104,0.0003104
258,4706.71,0.71719,0.45206,0.86774,0.99909,1,0.995,0.86491,0.56639,0.40008,0.83109,0.0003038,0.0003038,0.0003038
259,4724.4,0.74743,0.46688,0.85621,0.99909,1,0.995,0.86491,0.56639,0.40008,0.83109,0.0002972,0.0002972,0.0002972
260,4741.76,0.7834,0.48542,0.85144,0.9991,1,0.995,0.86753,0.56439,0.40365,0.83031,0.0002906,0.0002906,0.0002906
261,4759.15,0.87387,0.4871,0.86059,0.9991,1,0.995,0.86753,0.56439,0.40365,0.83031,0.000284,0.000284,0.000284
262,4776.76,0.68362,0.45935,0.86,0.99915,1,0.995,0.86667,0.55306,0.39879,0.82888,0.0002774,0.0002774,0.0002774
263,4794.27,0.73577,0.45403,0.84935,0.99915,1,0.995,0.86667,0.55306,0.39879,0.82888,0.0002708,0.0002708,0.0002708
264,4811.81,0.71556,0.43706,0.84877,0.99914,1,0.995,0.86391,0.56514,0.40095,0.82978,0.0002642,0.0002642,0.0002642
265,4829.14,0.74755,0.48068,0.88774,0.99914,1,0.995,0.86391,0.56514,0.40095,0.82978,0.0002576,0.0002576,0.0002576
266,4846.57,0.76766,0.46725,0.87178,0.99732,1,0.995,0.86281,0.58753,0.40342,0.8318,0.000251,0.000251,0.000251
267,4863.94,0.70445,0.42408,0.83769,0.99732,1,0.995,0.86281,0.58753,0.40342,0.8318,0.0002444,0.0002444,0.0002444
268,4881.68,0.8484,0.49012,0.88181,0.99919,1,0.995,0.86392,0.58714,0.40433,0.83056,0.0002378,0.0002378,0.0002378
269,4898.83,0.71563,0.43829,0.8483,0.99919,1,0.995,0.86392,0.58714,0.40433,0.83056,0.0002312,0.0002312,0.0002312
270,4916.15,0.73407,0.45696,0.8614,0.99918,1,0.995,0.86982,0.56986,0.40247,0.82742,0.0002246,0.0002246,0.0002246
271,4933.53,0.69783,0.43424,0.8483,0.99918,1,0.995,0.86982,0.56986,0.40247,0.82742,0.000218,0.000218,0.000218
272,4951.35,0.74226,0.44042,0.82832,0.99913,1,0.995,0.87586,0.56561,0.39657,0.82706,0.0002114,0.0002114,0.0002114
273,4969.02,0.81252,0.47631,0.85919,0.99913,1,0.995,0.87586,0.56561,0.39657,0.82706,0.0002048,0.0002048,0.0002048
274,4986.76,0.72549,0.47287,0.88965,0.99911,1,0.995,0.87866,0.56987,0.39382,0.8273,0.0001982,0.0001982,0.0001982
275,5004.26,0.71765,0.46093,0.85382,0.99911,1,0.995,0.87866,0.56987,0.39382,0.8273,0.0001916,0.0001916,0.0001916
276,5021.94,0.72089,0.43635,0.85081,0.99911,1,0.995,0.87836,0.5724,0.39475,0.82805,0.000185,0.000185,0.000185
277,5039.02,0.74103,0.46258,0.85172,0.99911,1,0.995,0.87836,0.5724,0.39475,0.82805,0.0001784,0.0001784,0.0001784
278,5056.73,0.70827,0.45637,0.86214,0.99909,1,0.995,0.87093,0.57648,0.39973,0.82918,0.0001718,0.0001718,0.0001718
279,5073.9,0.73216,0.45471,0.8537,0.99909,1,0.995,0.87093,0.57648,0.39973,0.82918,0.0001652,0.0001652,0.0001652
280,5092.22,0.69077,0.41883,0.85292,0.99931,1,0.995,0.86583,0.5794,0.40314,0.83,0.0001586,0.0001586,0.0001586
281,5109.41,0.67186,0.4306,0.83779,0.99931,1,0.995,0.86583,0.5794,0.40314,0.83,0.000152,0.000152,0.000152
282,5127.03,0.67454,0.44479,0.84845,0.99931,1,0.995,0.86298,0.57371,0.39751,0.82904,0.0001454,0.0001454,0.0001454
283,5144.27,0.82682,0.46957,0.85467,0.99931,1,0.995,0.86298,0.57371,0.39751,0.82904,0.0001388,0.0001388,0.0001388
284,5161.89,0.73394,0.43428,0.82693,0.99932,1,0.995,0.86264,0.55823,0.39411,0.8265,0.0001322,0.0001322,0.0001322
285,5179.08,0.67842,0.42426,0.84746,0.99932,1,0.995,0.86264,0.55823,0.39411,0.8265,0.0001256,0.0001256,0.0001256
286,5196.73,0.61713,0.44206,0.81941,0.99931,1,0.995,0.87156,0.54184,0.3877,0.82336,0.000119,0.000119,0.000119
287,5213.87,0.62365,0.41815,0.83377,0.99931,1,0.995,0.87156,0.54184,0.3877,0.82336,0.0001124,0.0001124,0.0001124
288,5231.41,0.7207,0.45933,0.87232,0.99932,1,0.995,0.87801,0.53518,0.38603,0.82185,0.0001058,0.0001058,0.0001058
289,5248.81,0.69151,0.40705,0.82258,0.99932,1,0.995,0.87801,0.53518,0.38603,0.82185,9.92e-05,9.92e-05,9.92e-05
290,5266.33,0.83304,0.46467,0.8936,0.99933,1,0.995,0.87893,0.53044,0.3854,0.82061,9.26e-05,9.26e-05,9.26e-05
291,5283.77,0.70457,0.47947,0.86472,0.99933,1,0.995,0.87893,0.53044,0.3854,0.82061,8.6e-05,8.6e-05,8.6e-05
292,5301.59,0.69759,0.5184,0.87785,0.99932,1,0.995,0.88214,0.53096,0.38508,0.82038,7.94e-05,7.94e-05,7.94e-05
293,5319.23,0.75856,0.50995,0.84477,0.99932,1,0.995,0.88214,0.53096,0.38508,0.82038,7.28e-05,7.28e-05,7.28e-05
294,5337.11,0.75469,0.4967,0.84291,0.99932,1,0.995,0.8804,0.53574,0.38596,0.82087,6.62e-05,6.62e-05,6.62e-05
295,5354.24,0.70973,0.47657,0.86288,0.99932,1,0.995,0.8804,0.53574,0.38596,0.82087,5.96e-05,5.96e-05,5.96e-05
296,5371.37,0.6655,0.44274,0.83339,0.99931,1,0.995,0.8755,0.54351,0.3884,0.82181,5.3e-05,5.3e-05,5.3e-05
297,5388.67,0.68287,0.50242,0.80555,0.99931,1,0.995,0.8755,0.54351,0.3884,0.82181,4.64e-05,4.64e-05,4.64e-05
298,5405.86,0.62674,0.44747,0.81895,0.9993,1,0.995,0.86926,0.55299,0.39231,0.8234,3.98e-05,3.98e-05,3.98e-05
299,5423.34,0.63302,0.4606,0.83734,0.9993,1,0.995,0.86926,0.55299,0.39231,0.8234,3.32e-05,3.32e-05,3.32e-05
300,5440.56,0.7002,0.45314,0.8747,0.99929,1,0.995,0.86496,0.56091,0.39536,0.82466,2.66e-05,2.66e-05,2.66e-05
